Unnamed: 0,NameCorp,Cusip6,Cusip9,CUSIP,Ticker
0,1st Centennial Bancorp,31986N,102,31986N102,FCCYUSD
1,"21st Century Oncology Holdings, Inc.",90131G,107,90131G107,
2,"A. H. Robins Company, Inc.",770706,109,770706109,
3,A. M. Castle & Co.,148411,101,148411101,
4,"A123 Systems, Inc.",03739T,108,03739T108,
5,"AAC Holdings, Inc.",000307,108,000307108,AACH
6,aaiPharma Inc.,00252W,104,00252W104,
7,"ABC-NACO, Inc.",00287P,105,00287P105,
8,AbitibiBowater Inc.,003687,209,003687209,
9,Acceptance Insurance Companies Inc.,004308,102,004308102,
10,Aceto Corporation,004446,100,004446100,ACETEUR
11,"Acme Metals, Incorporated",004724,100,004724100,
12,"ACT Manufacturing, Inc.",000973,107,000973107,
13,Acterna Corp.,00503U,105,00503U105,
14,"Adelphia Business Solutions, Inc.",006847,107,006847107,
15,Adelphia Communications Corp.,006848,105,006848105,
16,Adeptus Health Inc.,006855,100,006855100,ADPTEUR
17,Advanced Radio Telecom Corp.,31865X,106,31865X106,
18,Advanta Corp.,007942,204,007942204,
19,"Aeropostale, Inc.",007865,108,007865108,
20,"AgriBioTech, Inc.",008494,106,008494106,
21,Agway Inc.,008662,108,008662108,
22,Air Florida System Inc.,009114,109,009114109,
23,"Akorn, Inc.",009728,106,009728106,AKRXEUR
24,"Al Copeland Enterprises, Inc.",217213,933,217213933,
25,Alexanders Inc.,014752,109,014752109,ALX
26,"Allegheny International, Inc.",867071,102,867071102,
27,Allegiance Telecom Inc.,01747T,102,01747T102,
28,Alliance Entertainment Corp.,018593,103,018593103,
29,"Allied Holdings, Inc.",019223,106,019223106,
30,Allied Nevada Gold Corp.,019344,100,019344100,
31,Allied Products Corp.,019411,107,019411107,
32,Allis-Chalmers Corp.,019645,506,019645506,
33,"Alpha Natural Resources, Inc.",02076X,102,02076X102,ANRZQEUR
34,"Alta Mesa Resources, Inc. (Alta Mesa Holdings, LP)",02133L,109,02133L109,AMRQQ
35,Alterra HealthCare Corp,02146C,104,02146C104,
36,"AM International, Inc. (1982)",625440,102,625440102,
37,"AM International, Inc. (1993)",625440,102,625440102,
38,Amarex Inc.,023006,109,023006109,
39,"Ambac Financial Group, Inc.",023139,108,023139108,
40,Amcast Industrial Corporation (2004),023395,106,023395106,
41,Amcast Industrial Corporation (2005),023395,106,023395106,
42,"AMCORE Financial, Inc.",023912,108,023912108,
43,Amdura Corp.,023426,703,023426703,
44,Amerco,023586,100,023586100,UHAL
45,America West Airlines Inc.,90341W,108,90341W108,
46,"American Apparel, Inc. (2015)",023850,100,023850100,
47,"American Apparel, Inc. (2016)",023850,100,023850100,
48,American Banknote Corporation,024490,302,024490302,
49,"American Business Financial Services, Inc.",02476B,106,02476B106,
50,American Carriers Inc.,89365P,106,89365P106,
51,American Classic Voyages Co.,024928,103,024928103,
52,American Commercial Lines LLC,025198,938,025198938,
53,American Continental Corporation,025242,207,025242207,
54,American Eco Corp.,02553G,101,02553G101,
55,"American Healthcare Management, Inc.",026496,208,026496208,
56,American Home Mortgage Investment Corp.,02660R,107,02660R107,
57,American Homestar Corp.,026652,107,026652107,
58,"American Media Operations, Inc.",02744R,990,02744R990,
59,American Mortgage Acceptance Company,027568,104,027568104,
60,American Pad & Paper Company,028816,106,028816106,
61,American Plumbing & Mechanical Inc.,029050,937,029050937,
62,"American Rice, Inc.",029318,300,029318300,
63,"American Spectrum Realty, Inc.",02970Q,203,02970Q203,AQQSQ
64,"American Tissue, Inc.",030222,939,030222939,
65,AmericanWest Bancorporation,03058P,109,03058P109,
66,Americold Corp.,03060T,107,03060T107,
67,"Ames Department Stores, Inc. (1990)",030789,507,030789507,
68,"Ames Department Stores, Inc. (2001)",030789,507,030789507,
69,"AMF Bowling Worldwide, Inc.",030985,10,03098510,
70,Ampal-American Israel Corporation,032015,109,032015109,
71,AMR Corporation,001765,106,001765106,
72,"AMRESCO, Inc.",031909,203,031909203,
73,Amwest Insurance Group Inc.,032345,100,032345100,
74,"Anacomp, Inc.",03237E,108,03237E108,
75,ANC Rental Corp.,001813,104,001813104,
76,Anchor BanCorp Wisconsin Inc.,032839,102,032839102,
77,Anchor Glass Container Corp. (1996),03304B,300,03304B300,
78,Anchor Glass Container Corporation (2005),03304B,300,03304B300,
79,Angeles Corp.,034624,403,034624403,
80,"Anglo Energy, Ltd. (1983)",035054,10,03505410,
81,"Anicom, Inc.",035250,109,035250109,
82,"Anthracite Capital, Inc.",037023,108,037023108,
83,"AP Industries, Inc.",001870,104,001870104,
84,Apex Silver Mines Limited,381119,106,381119106,
85,Appletree Markets Inc.,03799X,007,03799X007,
86,"Applied Extrusion Technologies, Inc.",038196,101,038196101,
87,Applied Magnetics Corporation,038213,104,038213104,
88,Approach Resources Inc.,03834A,103,03834A103,AREXQ
89,APS Holding Corp.,001937,101,001937101,
90,APW Ltd.,G04397,108,G04397108,
91,"Arch Coal, Inc.",039380,308,039380308,
92,Arch Wireless Inc.,90341G,103,90341G103,
93,"Arm Financial Group, Inc.",001944,107,001944107,
94,"Armstrong Energy, Inc.",04299S,936,04299S936,
95,"Armstrong Flooring, Inc.",04238R,106,04238R106,AFIIQ
96,"Ascena Retail Group, Inc.",04351G,200,04351G200,ASNAQ
97,Aspect Software Parent Inc.,04523X,AA5,04523XAA5,ASPECT 10.625 05/15/17 144A
98,"Assisted Living Concepts, Inc.",04544X,300,04544X300,
99,"Asyst Technologies, Inc.",04648X,107,04648X107,
100,At Home Corp,045919,107,045919107,
101,AT&T Latin America Corp.,04649A,106,04649A106,
102,Atchison Casting Corp.,046613,105,046613105,
103,Atlantic Express Transportation Corp.,04853E,935,04853E935,
104,Atlas Air Worldwide Holdings Inc.,049164,205,049164205,AAWWUSD
105,"Atlas Resource Partners, L.P.",04941A,506,04941A506,
106,ATP Oil & Gas Corporation,00208J,108,00208J108,
107,Audio Visual Services Corp.,050727,106,050727106,
108,Aurora Foods Inc.,05164B,106,05164B106,
109,Avado Brands Inc.,05336P,108,05336P108,
110,Avaya Inc.,05399R,942,05399R942,
111,"Aventine Renewable Energy Holdings, Inc.",05356X,700,05356X700,
112,"Azure Midstream Partners, LP",05501X,100,05501X100,
113,Baldwin-United Corporation,718799,109,718799109,
114,Bally Total Fitness Holding Corporation (2007),05873K,108,05873K108,
115,Bally Total Fitness Holding Corporation (2008),05873K,108,05873K108,
116,Bank Holdings,88331E,104,88331E104,
117,Barzel Industries Inc.,069744,100,069744100,
118,"Basic Energy Services, Inc. (2016)",06985P,100,06985P100,
119,"Basic Energy Services, Inc. (2021)",06985P,209,06985P209,BASEUR
120,Basix Corp.,070121,207,070121207,
121,Bay Financial Corporation,072370,109,072370109,
122,B-E Holdings Inc.,055382,931,055382931,
123,"Beach First National Bancshares, Inc.",073334,104,073334104,
124,"BearingPoint, Inc.",074002,205,074002205,
125,Beker Industries Corp.,077266,104,077266104,
126,"Benedek Communications Corp. (Stations Holding Co, Inc.)",08170W,932,08170W932,
127,"Best Products Company, Inc. (1991)",086553,104,086553104,
128,"Best Products Company, Inc. (1996)",086553,104,086553104,
129,Bethlehem Steel Corp,087509,105,087509105,
130,Bibb Co,088667,100,088667100,
131,"Big V Supermarkets, Inc.",089698,104,089698104,
132,Birmingham Steel Corp.,091250,100,091250100,
133,"Black Elk Energy Offshore Operations, LLC",09203F,20,09203F20,
134,Blockbuster Inc.,093679,108,093679108,
135,BMC Industries Inc.,055607,105,055607105,
136,"Bon Ton Stores, Inc.",09776J,101,09776J101,
137,"Bonanza Creek Energy, Inc.",097793,103,097793103,
138,Bonneville Pacific Corporation,098904,204,098904204,
139,Borden Chemicals & Plastics LP (Borden Chemicals & Plastics Operating LP only),099541,203,099541203,
140,"Borders Group, Inc.",099709,107,099709107,
141,"Boston Chicken, Inc.",100578,103,100578103,
142,"BPZ Resources, Inc.",055639,108,055639108,
143,Bradlees Inc. (2000),104499,207,104499207,
144,"Bradlees, Inc. (1995)",104499,207,104499207,
145,Braniff Inc. (1989),105423,404,105423404,
146,Braniff International Corp. (1982),105425,102,105425102,
147,"Breed Technologies, Inc.",106702,103,106702103,
148,Breitburn Energy Partners LP,106776,107,106776107,
149,Briggs & Stratton Corporation,109043,109,109043109,
150,Bristow Group Inc.,110394,103,110394103,
151,"Broadview Networks Holdings, Inc.",111384,103,111384103,
152,Brooke Corporation,112502,109,112502109,
153,Brunos Inc.,116881,202,116881202,
154,"BSD Bancorp, Inc.",055655,104,055655104,
155,Budget Group Inc.,119003,101,119003101,
156,"Buffets Holdings, Inc.",119882,934,119882934,
157,Builders Transport Inc.,120084,108,120084108,
158,Building Materials Holding Corporation,120113,105,120113105,
159,"Burlington Industries, Inc.",121693,105,121693105,
160,"Bush Industries, Inc.",123164,105,123164105,
161,Buttes Gas & Oil Co.,761312,107,761312107,
162,C&J Energy Services Ltd.,G3164Q,101,G3164Q101,
163,"CAI Wireless Systems, Inc.",12476P,203,12476P203,
164,"Cal Dive International, Inc.",12802T,101,12802T101,
165,Caldor Corporation,128787,108,128787108,
166,"California Coastal Communities, Inc.",129915,203,129915203,
167,California Resources Corporation,13057Q,206,13057Q206,
168,Calpine Corp.,131347,304,131347304,
169,Calton Inc.,131380,503,131380503,
170,Cape Fear Bank Corporation,139380,109,139380109,
171,Capital Corp of the West,140065,202,140065202,
172,Capitol Bancorp Ltd.,14056D,105,14056D105,
173,"Caraustar Industries, Inc.",140909,102,140909102,
174,Carbide Graphite Group Inc.,140777,103,140777103,
175,Cardis Corp.,141602,300,141602300,
176,Care Enterprises Inc.,141649,301,141649301,
177,CareMatrix Corp.,141706,309,141706309,
178,"Carmike Cinemas, Inc.",143436,400,143436400,
179,"Carolco Pictures, Inc.",143763,100,143763100,
180,Carter Hawley Hale Stores Inc.,111572,103,111572103,
181,Casual Male Corp.,148710,106,148710106,
182,CBL & Associates Properties Inc. (CBL & Associates LP),124830,100,124830100,
183,"CEC Entertainment, Inc.",12599M,939,12599M939,
184,"CellNet Data Systems, Inc.",15115M,101,15115M101,
185,Centennial Group Inc.,15133R,108,15133R108,
186,Central European Distribution Corporation,153435,102,153435102,
187,Centric Brands Inc.,15644G,104,15644G104,
188,"Cenveo, Inc.",15670S,402,15670S402,
189,Cenvill Development Corp.,156906,109,156906109,
190,CF & I Steel Corp.,125185,108,125185108,
191,"Champion Enterprises, Inc.",158496,109,158496109,
192,"Chaparral Energy, Inc. (2016)",15941R,993,15941R993,
193,"Chaparral Energy, Inc. (2020)",15942R,208,15942R208,CHAPQ
194,Chart Industries Inc.,16115Q,308,16115Q308,GTLS
195,"Charter Communications, Inc.",16117M,305,16117M305,
196,Charter Company,847807,104,847807104,
197,Charter Medical Corp.,559079,207,559079207,MGLNUSD
198,CHC Group Ltd.,G07021,127,G07021127,
199,Chemtura Corporation,163893,209,163893209,
200,Cherokee Inc. (1993),16444H,102,16444H102,
201,Chesapeake Corporation,165159,104,165159104,
202,Chesapeake Energy Corporation,165167,743,165167743,CHKEUR
203,Child World Inc.,168710,101,168710101,
204,"China Natural Gas, Inc.",168910,206,168910206,CHNGQ
205,"Chiquita Brands International, Inc.",170032,809,170032809,
206,"Choice One Communications, Inc.",17038P,104,17038P104,
207,"CHS Electronics, Inc.",12542A,206,12542A206,
208,"Ciber, Inc.",17163B,102,17163B102,
209,Circle K Corp.,172585,101,172585101,
210,"Circuit City Stores, Inc.",172737,108,172737108,
211,Circus and Eldorado Joint Venture,FDS9B7,B40,FDS9B7B40,
212,CIT Group Inc.,125581,801,125581801,CITUSD
213,Citadel Broadcasting Corporation,17285T,304,17285T304,
214,Cityscape Financial Corp.,001642,107,001642107,ACFL
215,"Claires Stores, Inc.",179584,107,179584107,
216,Clarent Corp.,180461,105,180461105,CLRN
217,Clark Material Handling Company,181475,955,181475955,
218,"Classic Communications, Inc.",182728,204,182728204,
219,Cloud Peak Energy Inc.,18911Q,102,18911Q102,CLDEUR
220,"Clovis Oncology, Inc.",189464,100,189464100,CLVSEUR
221,"Cobalt International Energy, Inc.",19075F,304,19075F304,CIE1EUR
222,"Coho Energy, Inc. (1999)",192481,208,192481208,
223,"Coho Energy, Inc. (2002)",192481,208,192481208,
224,Coldwater Creek Inc.,193068,202,193068202,
225,Coleco Industries Inc.,752907,105,752907105,
226,Collins & Aikman Corporation,194830,204,194830204,
227,"Colonial Bancgroup, Inc.",195493,309,195493309,
228,"Color Tile, Inc.",196267,009,196267009,
229,"Colorado-Ute Electric Association, Inc.",19699Y,937,19699Y937,
230,Columbia Gas System Inc.,197648,009,197648009,
231,"Combustion Equipment Associates, Inc.",146219,100,146219100,
232,"Comdisco, Inc.",200334,100,200334100,
233,Community Bancorp,20343T,100,20343T100,
234,"Complete Management, Inc.",20452C,104,20452C104,
235,Cone Mills Corp,206814,105,206814105,
236,"Conexant Systems, Inc.",207142,308,207142308,
237,"Conseco, Inc.",12621E,103,12621E103,COS
238,Consolidated Freightways Corp.,209232,107,209232107,
239,"Consolidated Hydro, Inc.",209349,10,20934910,
240,Constar International Inc. (2008),21036U,206,21036U206,
241,Constar International Inc. (2011),21036U,206,21036U206,
242,ContiFinancial Corp.,21075V,107,21075V107,
243,Continental Airlines Corp. (1983),21099Y,004,21099Y004,
244,"Continental Airlines, Inc. (1990)",21099Y,004,21099Y004,
245,Continental Information Systems Corp,211496,104,211496104,
246,"Convergent Communications, Inc.",211914,403,211914403,
247,Cook United Inc. (1984),216245,100,216245100,
248,"Cooperative Bankshares, Inc.",216844,100,216844100,
249,"Cooper-Standard Holdings, Inc.",21676P,103,21676P103,CPS
250,Coram Healthcare Corp.,218103,109,218103109,
251,"Corinthian Colleges, Inc.",218868,107,218868107,
252,"Cornerstone Propane Partners, L.P.",218916,104,218916104,
253,"Corus Bankshares, Inc.",220873,103,220873103,
254,"Costilla Energy, Inc.",22161G,103,22161G103,
255,"Covad Communications Group, Inc.",222814,204,222814204,
256,Covanta Energy Corp.,22281N,103,22281N103,
257,Covia Holdings Corporation,22305A,103,22305A103,
258,Creditrust Corporation,225429,10,22542910,
259,Criimi Mae Inc.,226603,504,226603504,
260,Crown Pacific Partners L.P.,228439,105,228439105,
261,Crown Vantage Inc.,228622,106,228622106,
262,"Crystal Brands, Inc.",229070,107,229070107,
263,Crystal Oil Co.,229241,104,229241104,
264,"CTC Communications Group, Inc.",126419,100,126419100,
265,Cumulus Media Inc.,75601W,104,75601W104,RELYEUR
266,Dade Behring Inc.,23393X,930,23393X930,
267,Dailey International Inc.,23380G,106,23380G106,
268,Daisy Systems Corp.,234050,102,234050102,
269,DaisyTek International Corp.,234053,106,234053106,
270,Dan River Inc.,235774,106,235774106,
271,Days Inns of America Inc.,239624,208,239624208,
272,Dayton Superior Corporation,240028,308,240028308,
273,DDI Corp.,233162,502,233162502,
274,De Laurentiis Entertainment Group Inc.,241209,105,241209105,
275,Dean Foods Company,242370,203,242370203,DFODQ
276,DecisionOne Holdings Corp.,243458,106,243458106,
277,Delphi Corporation,247126,105,247126105,
278,"Delta Air Lines, Inc.",247361,702,247361702,DAL
279,Delta Financial Corporation,247918,105,247918105,
280,Delta Petroleum Corporation,247907,306,247907306,
281,Denbury Resources Inc.,247916,208,247916208,DNREUR
282,Dendreon Corporation,24823Q,107,24823Q107,
283,"Dex Media, Inc. (2016)",25213A,107,25213A107,
284,Dex One Corporation (2013),25212W,100,25212W100,
285,"Diamond Offshore Drilling, Inc.",25271C,102,25271C102,DOEUR
286,Ditech Holding Corporation (2019),25501G,105,25501G105,DHCPQ
287,"Divi Hotels, N.V.",255374,100,255374100,
288,"divine, inc.",255402,406,255402406,
289,Dolan Company,25659P,402,25659P402,
290,Doral Financial Corporation,25811P,852,25811P852,DRLEUR
291,Doskocil Cos Inc.,344822,101,344822101,
292,Dow Corning Corporation,260547,005,260547005,
293,Downey Financial Corp.,261018,105,261018105,
294,DR Holdings Inc. of Delaware,20557T,101,20557T101,
295,Dreco Energy Services Ltd.,261528,301,261528301,
296,"Drug Emporium, Inc.",262175,102,262175102,
297,Drypers Corp.,262497,308,262497308,
298,"Dura Automotive Systems, Inc.",265903,104,265903104,
299,DVI Inc.,233343,102,233343102,
300,Dyersburg Corp.,267575,108,267575108,
301,"Dynegy Holdings, LLC",26899X,007,26899X007,
302,"e.spire Communications, Inc.",269153,102,269153102,
303,Eagle Bulk Shipping Inc.,Y2187A,119,Y2187A119,
304,"Eagle Food Centers, Inc.",269514,204,269514204,
305,"Eagle Geophysical, Inc.",269524,104,269524104,
306,"Eagle Picher Holdings, Inc. (2005)",269803,102,269803102,
307,Eagle-Picher Industries Inc. (1991),269803,102,269803102,
308,Eastern Airlines Inc.,276191,004,276191004,
309,Eastman Kodak Company,277461,109,277461109,
310,"Eddie Bauer Holdings, Inc.",071625,107,071625107,
311,Edge Petroleum Corporation,279862,106,279862106,
312,"Edison Brothers Stores, Inc. (1995)",280875,303,280875303,
313,"Edison Brothers Stores, Inc. (1999)",280875,303,280875303,
314,Edison Mission Energy,28199A,000,28199A000,
315,Edisto Resources Corp.,281067,306,281067306,
316,Einstein Noah Bagel Corp,26874E,107,26874E107,
317,El Paso Electric Co.,283677,854,283677854,
318,El Paso Refinery LP,283712,107,283712107,
319,"Emerald Oil, Inc.",29101U,407,29101U407,
320,Emerson Radio Corp.,291087,203,291087203,
321,Encompass Services Corporation,29255U,104,29255U104,
322,Endeavour International Corporation,29259G,200,29259G200,
323,Endo International plc,G30401,106,G30401106,
324,"Ener1, Inc.",29267A,203,29267A203,
325,"Energy Conversion Devices, Inc.",292659,109,292659109,
326,Energy Future Holdings Corp.,29299Z,002,29299Z002,
327,"Energy Partners, Ltd.",29270U,303,29270U303,
328,Energy XXI Ltd,G10082,140,G10082140,
329,Enron Corp.,293561,106,293561106,
330,Enstar Group Inc.,29358L,10,29358L10,
331,"Entergy New Orleans, Inc.",29399X,006,29399X006,
332,Envirodyne Industries Inc.,92831R,201,92831R201,
333,"EOTT Energy Partners, L.P.",535763,106,535763106,
334,EP Energy Corporation (EP Energy LLC),268785,102,268785102,
335,Erickson Incorporated,29482P,100,29482P100,
336,Erly Industries Inc.,57685E,200,57685E200,
337,"Ernst Home Center, Inc.",295866,107,295866107,
338,"eToys, Inc.",297862,104,297862104,
339,"EV Energy Partners, L.P.",26926V,107,26926V107,
340,Evans Products Co.,299209,106,299209106,
341,"Everex Systems, Inc.",300072,105,300072105,
342,"EvergreenBancorp, Inc.",300349,10,30034910,
343,"EXCO Resources, Inc.",269279,501,269279501,EXR2
344,Exide Technologies (2002),302051,206,302051206,
345,Exide Technologies (2013),302051,206,302051206,
346,"Exodus Communications, Inc.",302088,109,302088109,
347,"Extraction Oil & Gas, Inc.",30227M,105,30227M105,XOGEUR
348,F & M Distributors Inc.,302723,101,302723101,
349,Fairchild Corporation,303698,104,303698104,
350,Fairfield Communities Inc.,304231,301,304231301,
351,"FairPoint Communications, Inc.",305560,302,305560302,
352,Fairway Group Holdings Corp.,30603D,108,30603D108,
353,"Falcon Products, Inc.",306075,102,306075102,
354,"Family Golf Centers, Inc.",30701A,106,30701A106,
355,"Farmland Industries, Inc.",311549,109,311549109,
356,Federal-Mogul Corporation,313549,404,313549404,
357,"Federated Department Stores, Inc.",314099,102,314099102,
358,"Ferrellgas Partners, L.P. (Ferrellgas Partners Finance Corp.)",315293,100,315293100,FGP1USD
359,FF Holdings Corporation,301923,108,301923108,
360,Fibermark Inc.,315646,109,315646109,
361,FiberTower Corporation,31567R,209,31567R209,
362,Financial Corp. of Santa Barbara,317441,103,317441103,
363,Fine Air Services Corp.,31779P,108,31779P108,
364,Fine Host Corporation,317832,103,317832103,
365,"Finlay Enterprises, Inc.",317884,203,317884203,
366,"Finova Group, Inc.",317928,109,317928109,
367,First Capital Holdings Corp.,319417,101,319417101,
368,"First City Bancorporation of Texas, Inc.",319593,109,319593109,
369,First Executive Corp.,320135,106,320135106,
370,First Mariner Bancorp,320795,107,320795107,
371,First Merchants Acceptance Corporation,320816,200,320816200,
372,"First National Bancshares, Inc.",32111B,104,32111B104,
373,First NBC Bank Holding Company,32115D,106,32115D106,FNBCQUSD
374,First Place Financial Corp.,33610T,109,33610T109,
375,First RepublicBank Corp,336160,106,336160106,
376,First State Bancorporation,336453,105,336453105,
377,"Firstcorp, Inc.",33761P,104,33761P104,
378,FirstEnergy Solutions Corp.,32093Y,007,32093Y007,
379,FirstFed Financial Corp.,337907,109,337907109,
380,"FLAG Telecom Holdings, Ltd",G3529X,106,G3529X106,
381,"Flagstar Companies, Inc.",338473,002,338473002,
382,"Fleetwood Enterprises, Inc.",339099,103,339099103,
383,"Fleming Companies, Inc.",339130,106,339130106,
384,"Flooring America, Inc.",339756,108,339756108,
385,"FLYi, Inc.",34407T,104,34407T104,
386,"Foamex International, Inc. (2005)",344123,203,344123203,
387,"Foamex International, Inc. (2009)",344123,203,344123203,
388,Focal Communications Corporation,344155,205,344155205,
389,Footstar Inc.,344912,209,344912209,
390,Forbes Energy Services Ltd.,345143,101,345143101,
391,Forcenergy Inc,345206,205,345206205,
392,Foresight Energy LP,34552U,104,34552U104,FELPUSD
393,Formica Corp.,346377,955,346377955,
394,"Forstmann & Company, Inc.",34659D,104,34659D104,
395,Forum Group Inc.,349841,304,349841304,
396,Fountain View Inc.,83099X,931,83099X931,
397,FoxMeyer Health Corp. (FoxMeyer Drug Co. only),351904,10,35190410,
398,"FPA Medical Management, Inc.",302543,103,302543103,
399,Franklin Bank Corp.,352451,108,352451108,
400,Fremont General Corporation,82670C,100,82670C100,
401,"Fretter, Inc.",358321,206,358321206,
402,"Friede Goldman Halter, Inc.",358430,106,358430106,
403,Friedman's Inc.,358438,109,358438109,
404,FriendFinder Networks Inc.,358453,306,358453306,
405,"Frontier Airlines Holdings, Inc. (2008)",359059,102,359059102,
406,Frontier Communications Corporation,35906A,306,35906A306,FTREUR
407,Frontier Holdings Inc. (1986),359076,106,359076106,
408,Frontline Capital Group,35921N,101,35921N101,
409,"Fruit of the Loom, Ltd.",G3682L,105,G3682L105,
410,FSC Corporation,302622,10,30262210,
411,"FTD Companies, Inc.",30281V,108,30281V108,FTDEUR
412,"FTS International, Inc.",30283W,203,30283W203,FT5
413,"Furniture Brands International, Inc. (2013)",360921,209,360921209,
414,"G. Heileman Brewing Co., Inc.",422878,934,422878934,
415,"Galey & Lord, Inc. (2002)",36352K,103,36352K103,
416,"Galey & Lord, Inc. (2004)",36352K,103,36352K103,
417,Garrett Motion Inc.,366505,105,366505105,GTX
418,Gastar Exploration Inc.,36729W,202,36729W202,GSTEUR
419,"GateHouse Media, Inc.",367348,109,367348109,
420,Gaylord Container Corp,368145,108,368145108,
421,"GC Companies, Inc.",36155Q,109,36155Q109,
422,Genco Shipping & Trading Limited,Y2685T,107,Y2685T107,
423,General Development Corp.,048556,104,048556104,
424,"General Growth Properties, Inc.",370023,103,370023103,
425,General Homes Corp.,370054,207,370054207,
426,General Maritime Corporation,370290,799,370290799,
427,General Motors Corporation,37045V,100,37045V100,GM
428,"Genesis Health Ventures, Inc.",64015Y,104,64015Y104,
429,Geneva Steel Company (1999),372257,105,372257105,
430,Geneva Steel Holdings Corp. (2002),372257,105,372257105,
431,Genicom Corporation,372282,103,372282103,
432,"GenTek, Inc.",37245X,203,37245X203,
433,Genuity Inc.,37248E,202,37248E202,
434,Geo Specialty Chemicals Inc.,37246R,932,37246R932,
435,Geokinetics Inc.,372910,307,372910307,
436,"Geotek Communications, Inc.",373654,102,373654102,
437,Gilbert Robinson Inc.,375422,102,375422102,
438,Glenoit Corp.,378762,934,378762934,
439,Global Aviation Holdings Inc. (2012),37990V,204,37990V204,
440,Global Aviation Holdings Inc. (2013),37990V,204,37990V204,
441,"Global Brokerage, Inc.",37891B,109,37891B109,GLBR
442,Global Crossing Ltd.,G3921A,175,G3921A175,
443,Global Eagle Entertainment Inc.,37951D,300,37951D300,GEENQ
444,"Global Geophysical Services, Inc.",37946S,107,37946S107,
445,"Global Geophysical Services, Inc. (2016)",37946S,107,37946S107,
446,Global Marine Inc.,G3930E,101,G3930E101,
447,Global Power Equipment Group Inc.,37941P,306,37941P306,
448,"Global TeleSystems, Inc.",37936U,104,37936U104,
449,Globalstar LP,G3930H,104,G3930H104,
450,GMX Resources Inc.,38011M,603,38011M603,
451,"GNC Holdings, Inc.",36191G,107,36191G107,GNCIQ
452,"Golden Books Family Entertainment, Inc.",380804,203,380804203,
453,"Goss Graphic Systems, Inc. (1999)",383411,AA,383411AA,
454,"Goss Holdings, Inc. (2001)",383413,937,383413937,
455,Gottschalks Inc.,383485,109,383485109,
456,"Graham-Field Health Products, Inc.",384632,105,384632105,
457,"Grand Court Lifestyles, Inc.",385379,102,385379102,
458,Grand Union Company (1995),386534,101,386534101,
459,Grand Union Company (1998),386532,402,386532402,
460,Grand Union Company (2000),386532,402,386532402,
461,Granite Broadcasting Corporation,387241,102,387241102,
462,Great American Communications Co.,172936,106,172936106,
463,"Great Atlantic & Pacific Tea Company, Inc.",390064,103,390064103,
464,"Greyhound Lines, Inc. (1990)",39899X,935,39899X935,
465,"Greyhound Lines, Inc. (1994)",398048,10,39804810,
466,Grubb & Ellis Company,400095,204,400095204,
467,"GSI Group, Inc.",36191C,205,36191C205,
468,"GST Telecommunications, Inc.",361942,105,361942105,
469,GT Advanced Technologies Inc.,36191U,106,36191U106,
470,"GTT Communications, Inc.",362393,100,362393100,
471,Guaranty Financial Group Inc.,40108N,106,40108N106,
472,"Guilford Mills, Inc.",401794,201,401794201,
473,"Gulf States Steel, Inc. of Alabama",402548,101,402548101,
474,Gulf USA Corp.,402571,103,402571103,
475,"GulfMark Offshore, Inc.",402629,208,402629208,
476,Gulfport Energy Corporation,402635,304,402635304,
477,Guy F. Atkinson Company of California,047620,109,047620109,
478,"GWG Holdings, Inc.",36192A,109,36192A109,
479,Gymboree Corporation (2017),40399H,008,40399H008,
480,Gymboree Corporation (2019),40399H,008,40399H008,
481,Hadson Corp.,40501V,101,40501V101,
482,Halcon Resources Corporation,40537Q,101,40537Q101,
483,Halcon Resources Corporation (2019),40537Q,605,40537Q605,
484,Ha-Lo Industries,404429,102,404429102,
485,"Hancock Fabrics, Inc.",409900,107,409900107,
486,"Harnischfeger Industries, Inc.",481165,108,481165108,
487,"Harrington West Financial Group, Inc.",41383L,104,41383L104,
488,Hartmarx Corporation,417119,104,417119104,
489,"Harvard Industries, Inc. (1991)",417434,503,417434503,
490,"Harvard Industries, Inc. (1997)",417434,503,417434503,
491,"Harvard Industries, Inc. (2002)",417434,503,417434503,
492,Hawaiian Airlines Inc.,419879,101,419879101,
493,"Hawker Beechcraft Acquisition Company, LLC",42099W,939,42099W939,
494,"Hayes Lemmerz International, Inc. (2001)",420781,304,420781304,
495,"Hayes Lemmerz International, Inc. (2009)",420781,304,420781304,
496,Healthco International Inc.,422200,105,422200105,
497,"Heartland Wireless Communications, Inc.",670198,100,670198100,
498,Hechinger Company,422660,936,422660936,
499,Hecks Inc.,422686,20,42268620,
500,"Hedstrom Holdings, Inc.",422914,101,422914101,
501,Heilig-Meyers Company,422893,107,422893107,
502,"Herbst Gaming, Inc.",42799Y,938,42799Y938,
503,"Hercules Offshore, Inc.",427093,109,427093109,
504,"Hercules Offshore, Inc. (2016)",427093,307,427093307,
505,"Hertz Global Holdings, Inc. (Hertz Corporation)",42806J,106,42806J106,
506,Hexcel Corp.,428291,108,428291108,
507,Hexion Inc.,60899Z,001,60899Z001,
508,"hhgregg, Inc.",42833L,108,42833L108,
509,Hi-Crush Inc.,428337,109,428337109,
510,High Voltage Engineering Corporation (2005),429812,100,429812100,
511,"Highland Superstores, Inc.",430771,105,430771105,
512,"Highlands Insurance Group, Inc.",431032,101,431032101,
513,HighPoint Resources Corporation,43114K,207,43114K207,HPR
514,Hills Department Stores Inc.,431692,102,431692102,
515,Hillsborough Holdings Corp.,933169,104,933169104,
516,"Hines Horticulture, Inc.",433245,107,433245107,
517,Hoku Corporation,434711,107,434711107,HOKUQ
518,"Home Holdings, Inc.",436934,103,436934103,
519,HomeBanc Corp.,43738R,109,43738R109,
520,Horizon PCS Inc.,44043U,209,44043U209,
521,"Hornbeck Offshore Services, Inc.",440543,106,440543106,HOSEUR
522,Horsehead Holding Corp.,440694,305,440694305,
523,"House of Fabrics, Inc.",441759,107,441759107,
524,HRT Industries Inc.,404269,201,404269201,
525,Huffy Corp.,444356,109,444356109,
526,Hunt International Resources Corp.,445628,10,44562810,
527,Huntsman Polymers Corp,447015,942,447015942,
528,Hvide Marine Incorporated,81169P,101,81169P101,
529,"ICG Communications, Inc.",449246,206,449246206,
530,ICH Corporation,44926L,300,44926L300,
531,"iHeartMedia, Inc.",45174J,103,45174J103,
532,Illinois Power Generating Company,023608,003,023608003,
533,Impath Inc.,45255G,101,45255G101,
534,"Imperial Capital Bancorp, Inc.",452680,101,452680101,
535,Imperial Sugar Company,453096,208,453096208,
536,"IMPSAT Fiber Networks, Inc.",45321T,202,45321T202,
537,Inacom Corp.,45323G,109,45323G109,
538,"Indalex Holdings Finance, Inc.",FDS1A8,9B3,FDS1A89B3,
539,"IndyMac Bancorp, Inc",456607,100,456607100,
540,"InPhonic, Inc.",45772G,105,45772G105,
541,InSight Health Services Holdings Corp,45776K,102,45776K102,
542,Insilco Corp.,457661,106,457661106,
543,"Integrated Electrical Services, Inc.",45811E,301,45811E301,
544,"Integrated Health Services, Inc.",45812C,106,45812C106,
545,Integrated Resources Inc.,458124,104,458124104,
546,"Integrity Bancshares, Inc.",45818G,101,45818G101,
547,Intelsat S.A.,L5140P,101,L5140P101,
548,Interco Inc.,360921,100,360921100,
549,Intermark Inc.,896755,402,896755402,
550,Intermet Corp.,45881K,104,45881K104,
551,Internap Corporation,45885A,409,45885A409,INAPEUR
552,International American Homes Inc.,459004,404,459004404,
553,"International Fibercom, Inc.",45950T,101,45950T101,
554,International Shipholding Corporation,460321,201,460321201,ISH1EUR
555,International Wire Group Inc.,460933,104,460933104,
556,Interstate Bakeries Corporation,46072H,108,46072H108,
557,"iPCS, Inc.",44980Y,305,44980Y305,
558,Iridium LLC (six omitted),46268K,006,46268K006,
559,Irwin Financial Corporation,464119,106,464119106,
560,"IT Group, Inc.",465266,104,465266104,
561,"ITC DeltaCom, Inc.",45031T,872,45031T872,
562,Itel Corporation,035290,105,035290105,AXE3EUR
563,"Ithaca Industries, Inc.",030365,100,030365100,
564,"ITT Educational Services, Inc.",45068B,109,45068B109,ESINQ
565,"IWO Holdings, Inc.",45071T,402,45071T402,
566,"J. C. Penney Company, Inc.",708160,106,708160106,JCPCHF
567,"J. Crew Group, Inc.",46699D,001,46699D001,
568,J.G. Wentworth Company,46618D,108,46618D108,
569,Jackson Hewitt Tax Service Inc.,468202,106,468202106,
570,"Jacobson Stores, Inc.",469834,105,469834105,
571,James River Coal Company,470355,207,470355207,
572,Jamesway Corporation (1993),470737,107,470737107,
573,"Jason Industries, Inc.",471172,106,471172106,JASNQ
574,Jayhawk Acceptance Corp.,36113L,101,36113L101,
575,JCC Holding Co.,46611Q,403,46611Q403,
576,Jesup Group Inc.,477066,203,477066203,
577,"Jones Energy, Inc.",48019R,306,48019R306,JONEEUR
578,Journal Register Company,481138,105,481138105,
579,JPS Textile Group Inc. (1991),46624E,405,46624E405,
580,"JPS Textile Group, Inc. (1997)",46624E,405,46624E405,
581,"JumboSports, Inc.",481386,100,481386100,
582,"Just For Feet, Inc.",48213P,106,48213P106,
583,JWP Inc.,29084Q,100,29084Q100,EME
584,Kaiser Aluminum Corp.,483007,704,483007704,KALU
585,"Kaiser Group International, Inc.",483059,101,483059101,KGHI
586,Kaiser Steel Corp.,48399Y,004,48399Y004,
587,"Kash N Karry Food Stores, Inc.",48577P,106,48577P106,
588,"Kasper A.S.L., Ltd.",485808,109,485808109,
589,"KCS Energy, Inc.",482434,206,482434206,
590,KDT Industries Inc.,482455,102,482455102,
591,"Kellstrom Industries, Inc.",488035,106,488035106,
592,"Kenetech Corp. (Kenetech Windpower, Inc. only)",488878,109,488878109,
593,"Kevco, Inc.",492716,105,492716105,
594,"Key Energy Services, Inc.",492914,106,492914106,
595,Kinder Care Learning Centers Inc.,494521,305,494521305,
596,"KIT digital, Inc.",482470,200,482470200,
597,"Kitty Hawk, Inc.",498326,206,498326206,
598,Kmart Corp.,812350,106,812350106,SHLDEUR
599,Koger Properties Inc.,500230,107,500230107,
600,"Koll Real Estate Group, Inc.",129915,203,129915203,
601,"Komag, Inc.",500453,204,500453204,
602,Laclede Steel Company (1998),505606,103,505606103,
603,Ladish Co. Inc.,50599Y,933,50599Y933,
604,"LandAmerica Financial Group, Inc.",514936,103,514936103,
605,Laroche Industries Inc.,517289,948,517289948,
606,"Lason, Inc.",51808R,206,51808R206,
607,Leap Wireless International Inc.,521863,308,521863308,
608,Lear Corporation,521865,204,521865204,LEA
609,"Leasing Solutions, Inc.",521098,202,521098202,
610,"Lee Enterprises, Incorporated",523768,109,523768109,LEE1EUR
611,Legacy Reserves Inc.,524706,108,524706108,LGCYQ
612,Lehman Brothers Holdings Inc.,524908,100,524908100,
613,"Leiner Health Products, Inc. (2002)",52536P,934,52536P934,
614,"Leiner Health Products, Inc. (2008)",52536P,934,52536P934,
615,Leisure Technology Inc.,525914,107,525914107,
616,"Lenox Group, Inc.",526262,100,526262100,
617,Lernout & Hauspie Speech Products NV,B5628B,104,B5628B104,
618,"Leslie Fay Companies, Inc.",527016,109,527016109,
619,Levitz Furniture Incorporated,527482,103,527482103,
620,Libbey Inc.,529898,108,529898108,LBYYQ
621,Liberate Technologies,530129,204,530129204,
622,Linens Holding Co.,535679,104,535679104,
623,"Linn Energy, LLC",536020,100,536020100,
624,Lionel Corp. (1982),536257,108,536257108,
625,Lionel Corp. (1991),536257,108,536257108,
626,Live Entertainment Inc.,538032,400,538032400,
627,LodgeNet Interactive Corporation,540211,109,540211109,
628,"Lodgian, Inc.",54021P,403,54021P403,
629,"Loewen Group, Inc.",014383,103,014383103,
630,Loews Cineplex Entertainment Corp,540423,100,540423100,
631,Logix Communications Enterprises Inc.,541424,933,541424933,
632,Lomas Financial Corp. (1989),541535,100,541535100,
633,Lomas Financial Corp. (1995),541535,100,541535100,
634,Lone Star Industries Inc.,542290,408,542290408,
635,Lonestar Resources US Inc.,54240F,103,54240F103,
636,"LRI Holdings, Inc.",50399Z,932,50399Z932,
637,"LSC Communications, Inc.",50218P,107,50218P107,
638,LTV Corp. (1986),501921,100,501921100,
639,LTV Corp. (2000),501921,100,501921100,
640,"Luminent Mortgage Capital, Inc.",550278,303,550278303,
641,Lyondell Chemical Company,552078,107,552078107,
642,Magellan Health Services Inc.,559079,207,559079207,
643,Magna Entertainment Corp.,559211,305,559211305,
644,MagnaChip Semiconductor LLC,55933J,203,55933J203,
645,Magnum Hunter Resources Corporation,55973B,102,55973B102,
646,Majestic Capital Ltd.,G5760D,111,G5760D111,
647,"Majestic Star Casino, LLC",56075N,937,56075N937,
648,Mallinckrodt plc,G5785G,107,G5785G107,
649,Manville Corp.,478129,109,478129109,
650,"marchFIRST, Inc.",566244,109,566244109,
651,"Mariner Post-Acute Network, Inc.",56845X,108,56845X108,
652,Marion Corp.,568695,209,568695209,
653,"Marvel Entertainment Group, Inc.",573913,100,573913100,
654,Mattress Firm Holding Corp.,57722W,106,57722W106,
655,Maxicare Health Plans Inc.,577904,501,577904501,
656,"Mayflower Group Inc. (MG Holdings, Inc.)",578349,102,578349102,
657,McClatchy Company,579489,303,579489303,
658,McCrory Corp.,579865,007,579865007,
659,"McDermott International, Inc.",580037,703,580037703,
660,McLean Industries Inc.,582087,102,582087102,
661,McLeodUSA Incorporated (2005),582266,706,582266706,
662,"McLeodUSA, Inc. (2002)",582266,706,582266706,
663,McLouth Steel Corp.,582273,10,58227310,
664,Mcorp,55267M,103,55267M103,
665,MCSI Inc.,55270M,108,55270M108,
666,"MediaNews Group, Inc. (Affiliated Media, Inc. only)",008257,10,00825710,
667,"Medical Resources, Inc.",58461Q,409,58461Q409,
668,"Mediq, Inc.",584906,101,584906101,
669,"Megafoods Stores, Inc.",584951,107,584951107,
670,"Melinta Therapeutics, Inc.",58549G,209,58549G209,
671,Memorex Telex N.V. (1992),586014,102,586014102,
672,Memorex Telex N.V. (1994),586014,102,586014102,
673,Memorial Production Partners LP,586048,100,586048100,
674,"Mercantile Bancorp, Inc.",58734P,105,58734P105,
675,Mercury Finance Company,55272N,104,55272N104,
676,"Merisant Worldwide, Inc.",58985C,985,58985C985,
677,Merry-Go-Round Enterprises Inc.,590436,101,590436101,
678,"Meruelo Maddux Properties, Inc.",590473,104,590473104,
679,"Mesa Air Group, Inc.",590479,101,590479101,
680,"Metals USA, Inc.",591324,207,591324207,
681,"Metricom, Inc.",591596,101,591596101,
682,"Metromedia Fiber Network, Inc.",00374N,107,00374N107,
683,"Metropolitan Mortgage & Securities Co., Inc.",59299W,931,59299W931,
684,MF Global Holdings Ltd.,55277J,108,55277J108,
685,MGF Oil Corp.,552813,107,552813107,
686,Michigan General Corporation (1987),594517,104,594517104,
687,"MicroAge, Inc.",594928,103,594928103,
688,"Mid-American Waste Systems, Inc.",59523F,100,59523F100,
689,"Midstates Petroleum Company, Inc.",59804T,308,59804T308,
690,Midway Airlines Corp (2001),598126,100,598126100,
691,Midway Airlines Inc. (1991),598130,102,598130102,
692,"Midwest Banc Holdings, Inc.",598251,106,598251106,
693,Milacron Inc.,598709,301,598709301,
694,"Milagro Oil & Gas, Inc.",59699A,000,59699A000,
695,"Miller Energy Resources, Inc.",600527,105,600527105,
696,MiniScribe Corp.,603669,102,603669102,
697,Mirant Corp.,37244E,107,37244E107,
698,Mississippi Chemical Corp.,605288,208,605288208,
699,"MMH Holdings, Inc.",55308T,851,55308T851,
700,MModal Inc.,60689B,107,60689B107,
701,MMR Holding Corp.,553100,108,553100108,
702,"Mobile Energy Services Holdings, Inc.",607358,AA6,607358AA6,MOBENE 8.665 01/01/17
703,"MobileMedia Communications, Inc.",607415,106,607415106,
704,"Molten Metal Technology, Inc.",608712,105,608712105,
705,"Molycorp, Inc.",608753,109,608753109,MCPCHF
706,Momentive Performance Materials Inc.,60899U,937,60899U937,
707,Monaco Coach Corporation,60886R,103,60886R103,
708,Monarch Capital Corp.,609023,106,609023106,
709,Montgomery Ward Holding Corp. (1997),61499Y,931,61499Y931,
710,Montgomery Ward Holding Corp. (2000),61499Y,931,61499Y931,
711,Morrison Knudsen Corp.,618447,106,618447106,
712,Mortgage & Realty Trust (1990),919904,102,919904102,
713,Mortgage & Realty Trust (1995),919904,102,919904102,
714,"Movie Gallery, Inc. (2007)",624581,203,624581203,
715,"Movie Gallery, Inc. (2010)",624581,203,624581203,
716,MPC Corporation,553166,109,553166109,
717,Mpower Holding Corp.,62473L,309,62473L309,
718,"MTS, Incorporated",553774,936,553774936,
719,Muzak Holdings LLC,62844K,931,62844K931,
720,NACO Finance Corp.,628910,AA,628910AA,
721,National Convenience Stores Inc.,635570,500,635570500,
722,"National Energy Group, Inc.",635812,209,635812209,
723,National Gypsum Co.,636317,109,636317109,
724,National Steel Corp.,637844,309,637844309,
725,"NationsRent, Inc.",638588,103,638588103,
726,"Nebraska Book Company, Inc.",639579,937,639579937,
727,"Neenah Enterprises, Inc. (2010)",64007R,109,64007R109,
728,Neenah Foundry Company (2003),640071,932,640071932,
729,Neff Corp.,640094,942,640094942,
730,"NetBank, Inc.",640933,107,640933107,
731,Network Plus Corp.,64122D,506,64122D506,
732,New American Healthcare Corp.,641881,107,641881107,
733,New Century Communications Inc.,64399A,938,64399A938,
734,New Century Financial Corporation,6435EV,108,6435EV108,
735,New Source Energy Partners L.P.,64881E,109,64881E109,NSLPQ
736,New Valley Corp.,649080,504,649080504,
737,New World Pasta Co.,64928U,934,64928U934,
738,"NewAge, Inc.",650194,103,650194103,N1K
739,NewPage Corporation,65199X,002,65199X002,
740,"NewPower Holdings, Inc.",652463,100,652463100,
741,Nexity Financial Corporation,65333R,200,65333R200,NXTYQ
742,"NII Holdings, Inc. (2014)",62913F,201,62913F201,
743,Nobilis Health Corp.,65500B,103,65500B103,NRTSF
744,Noble Corporation plc,G65431,101,G65431101,
745,"Noble International, Ltd.",655053,106,655053106,
746,Noranda Aluminum Holding Corporation,65542W,206,65542W206,NORNQ
747,"Nortel Networks Corp. (Nortel Networks, Inc. only)",656568,508,656568508,
748,"NorthPoint Communications Group, Inc.",666610,100,666610100,NPNTQ
749,Northwest Airlines Corporation,667280,408,667280408,
750,NorthWestern Corporation,668074,305,668074305,NWE
751,Northwestern Steel & Wire Co.,668367,204,668367204,
752,"NRG Energy, Inc. (2002)",629377,508,629377508,NRA
753,"NRG Energy, Inc. (2003)",629377,508,629377508,NRA
754,"NTELOS, Inc.",67019U,101,67019U101,
755,NTL Communications Corp.,62940N,AA,62940NAA,
756,Nucorp Energy Inc.,12612L,108,12612L108,
757,"Nu-kote Holding, Inc.",669935,108,669935108,
758,"Nuverra Environmental Solutions, Inc.",67091K,203,67091K203,
759,NVR LP,62944T,105,62944T105,NVR
760,"O Brien Environmental Energy, Inc.",19238M,105,19238M105,
761,Oakwood Homes Corp.,674098,207,674098207,
762,Oasis Petroleum Inc.,674215,108,674215108,OASEUR
763,"OCA, Inc.",67083Q,101,67083Q101,
764,Oglebay Norton Company,677007,205,677007205,
765,Oneida Ltd.,682505,102,682505102,
766,"OpTel, Inc.",683817,308,683817308,
767,"Orbcomm Global, LP",68555P,10,68555P10,
768,Orchard Supply Hardware Stores Corporation,685691,404,685691404,
769,Orchids Paper Products Company,68572N,104,68572N104,TISUSD
770,"Orexigen Therapeutics, Inc.",686164,302,686164302,
771,Orion Pictures Corp.,686285,503,686285503,
772,"Orleans Homebuilders, Inc.",686588,104,686588104,
773,Outboard Marine Corporation,690020,102,690020102,
774,Outsourcing Solutions Inc.,690132,931,690132931,
775,"Overseas Shipholding Group, Inc.",690368,105,690368105,
776,Oxford Energy Co.,691435,101,691435101,
777,Pacific Drilling S.A. (2020),L7257P,205,L7257P205,
778,Pacific Gas & Electric Co. (2001),69331C,108,69331C108,PCG
779,"Pacific Gateway Exchange, Inc.",694327,107,694327107,
780,"PacificAmerica Money Center, Inc.",20453F,106,20453F106,
781,"Paging Network, Inc.",695542,100,695542100,
782,"Palm Harbor Homes, Inc.",696639,103,696639103,
783,Pan Am Corp.,697757,102,697757102,
784,Paracelsus Healthcare Corp.,698891,108,698891108,
785,Paragon Offshore plc,G6S01W,108,G6S01W108,
786,Paragon Offshore plc (2017),G6S01W,108,G6S01W108,
787,"Paragon Trade Brands, Inc.",69912K,206,69912K206,
788,Parker Drilling Company,701081,408,701081408,PKDEUR
789,Patriot Coal Corporation (2012),70336T,104,70336T104,
790,Patriot Coal Corporation (2015),70336T,500,70336T500,
791,"Patriot National, Inc.",70338T,102,70338T102,PNTPUSD
792,"Pay N Pak Stores, Inc.",704312,933,704312933,
793,"Payless Cashways, Inc. (1997)",704378,405,704378405,
794,"Payless Cashways, Inc. (2001)",704378,405,704378405,
795,Peabody Energy Corporation,704549,203,704549203,
796,"Pegasus Gold, Inc.",70556K,106,70556K106,
797,Penn Traffic Co (1999),707832,309,707832309,
798,Penn Traffic Co (2003),707832,309,707832309,
799,Penn Virginia Corporation,707882,106,707882106,
800,"PennCorp Financial Group, Inc.",845606,102,845606102,
801,"Penn-Dixie Industries, Inc.",212072,102,212072102,
802,Pennsylvania Real Estate Investment Trust,709102,107,709102107,
803,"Penson Worldwide, Inc.",709600,100,709600100,
804,Pentacon Inc.,709620,108,709620108,
805,"Peregrine Systems, Inc.",71366Q,200,71366Q200,
806,Performance Sports Group Ltd.,71377G,100,71377G100,
807,"Perfumania Holdings, Inc.",71376C,100,71376C100,
808,Perkins & Marie Callenders Inc.,761253,939,761253939,
809,Petrolane Gas Service LP,71654J,108,71654J108,
810,Pettibone Corporation,716769,203,716769203,
811,"PFF Bancorp, Inc.",69331W,104,69331W104,
812,PG&E Corp. (Pacific Gas and Electric Co.) (2019),69331C,108,69331C108,
813,"PG&E National Energy Group, Inc.",69334T,009,69334T009,
814,"Phar-Mor, Inc. (2001)",717113,203,717113203,
815,"PHI, Inc.",69336T,205,69336T205,
816,Philip Services Corp. (1999),718193,105,718193105,
817,Philip Services Corp. (2003),718193,105,718193105,
818,Phoenix Steel Corp.,719151,102,719151102,
819,PHP Healthcare Corporation,693344,103,693344103,
820,"P-I-E Nationwide, Inc.",69399Y,109,69399Y109,
821,"Pier 1 Imports, Inc.",720279,504,720279504,
822,"Pierre Foods, Inc.",72099Y,916,72099Y916,
823,Pillowtex Corp. (2003),721506,103,721506103,
824,Pinnacle Airlines Corp.,723443,107,723443107,
825,"Pinnacle Holdings, Inc.",72346N,101,72346N101,
826,"Pioneer Companies, Inc.",723643,300,723643300,
827,Pioneer Energy Services Corp.,723664,108,723664108,
828,Plaid Clothing Group Inc.,726133,AA,726133AA,
829,"Planet Hollywood International, Inc.",72702Q,102,72702Q102,
830,Pliant Corporation (2006),729136,937,729136937,
831,Pliant Corporation (2009),729136,937,729136937,
832,"PMI Group, Inc.",69344M,101,69344M101,
833,Polaroid Corp,731095,105,731095105,
834,"Polymer Group, Inc.",731745,204,731745204,
835,"Pope & Talbot, Inc.",732827,100,732827100,
836,"Powerwave Technologies, Inc.",739363,307,739363307,
837,Presidio Oil Company,741016,307,741016307,
838,Prime Motor Inns Inc.,741917,108,741917108,
839,"Primus Telecommunications Group, Inc.",741929,301,741929301,
840,ProMedCo Management Company,74342L,105,74342L105,
841,"Propex, Inc.",74345R,935,74345R935,
842,PSINet Inc.,74437C,101,74437C101,
843,Public Service Co of New Hampshire,744482,001,744482001,
844,"Purina Mills, Inc.",746276,104,746276104,
845,"Pyxus International, Inc.",74737V,106,74737V106,
846,Qintex Entertainment Inc.,747275,105,747275105,
847,Quicksilver Resources Inc.,74837R,104,74837R104,
848,"Quiksilver, Inc.",74838C,38C,74838C38C,
849,Quorum Health Corporation,74909E,110,74909E110,
850,R H Macy & Co. Inc.,556139,939,556139939,
851,R.H. Donnelley Corporation,74955W,100,74955W100,
852,RAAM Global Energy Company,74920A,AC3,74920AAC3,RAMGEN 12.5 10/01/15
853,Radice Corp.,560794,109,560794109,
854,RadioShack Corporation,750438,103,750438103,
855,Radnor Holdings Corporation,750495,921,750495921,
856,RAIT Financial Trust,749227,864,749227864,RASUSD
857,RCN Corporation,749361,200,749361200,
858,RCS Capital Corporation,74937W,102,74937W102,
859,RDA Holding Co. (2013),74993W,939,74993W939,
860,"RDM Sports Group, Inc.",749412,102,749412102,
861,"Readers Digest Association, Inc.",755267,937,755267937,
862,Read-Rite Corp.,755246,204,755246204,
863,"Real Industry, Inc.",231082,603,231082603,CMLSEUR
864,Recoton Corp.,756268,108,756268108,
865,"Recycling Industries, Inc.",756285,102,756285102,
866,Redback Networks Inc.,757209,507,757209507,
867,"Reddy Ice Holdings, Inc.",75734R,105,75734R105,
868,Reeves Industries Inc.,758609,002,758609002,
869,Refco Finance Inc.,75866G,109,75866G109,
870,"Reliance Acceptance Group, Inc.",75999X,102,75999X102,
871,"Reliance Group Holdings, Inc.",759464,100,759464100,
872,"Reliant Building Products, Inc.",75952G,10,75952G10,
873,"Remy International, Inc.",24699Y,945,24699Y945,
874,"Renaissance Cosmetics, Inc.",759664,10,75966410,
875,"Rentech, Inc.",760112,201,760112201,
876,REPH Acquisition Co.,686857,103,686857103,
877,Republic Airways Holdings Inc.,760276,105,760276105,
878,"Republic Engineered Products Holdings, LLC (2003)",760391,102,760391102,
879,Residential Resources Mortgage Investments Corp.,760929,109,760929109,
880,Resorts International Inc. (1989),398189,100,398189100,
881,Resorts International Inc. (1994),398189,100,398189100,
882,Restaurant Enterprises Group Inc.,761255,AA,761255AA,
883,Revco D.S. Inc.,761339,100,761339100,
884,Revere Copper & Brass Inc.,761406,107,761406107,
885,"Revlon, Inc. (Revlon Consumer Products Corporation)",761525,609,761525609,REVEUR
886,Rex Energy Corporation,761565,506,761565506,REXXEUR
887,Rexene Corp.,447015,942,447015942,
888,"RHI Entertainment, Inc.",74957T,104,74957T104,
889,"Rhythms NetConnections, Inc.",762430,205,762430205,
890,Rickel Home Centers Inc.,765635,10,76563510,
891,Rosehill Resources Inc.,777385,105,777385105,ROSEUSD
892,Roses Stores Inc.,94767P,209,94767P209,
893,Rotech Healthcare Inc.,778669,101,778669101,
894,"Rouge Industries, Inc.",779088,103,779088103,
895,"RSL Communications, Ltd.",G7702U,102,G7702U102,
896,"RTW Retailwinds, Inc.",74980D,100,74980D100,NWYUSD
897,Sabine Oil & Gas Corporation,78532P,107,78532P107,
898,Safelite Glass Corporation,786450,932,786450932,
899,Safety Kleen Corp.,78648R,203,78648R203,
900,Salant Corp. (1990),794004,200,794004200,
901,Salant Corp. (1998),794004,200,794004200,
902,"Sambos Restaurants, Inc.",795872,100,795872100,
903,Samson Resources Corporation,78999Z,937,78999Z937,
904,Sanchez Energy Corporation,79970Y,105,79970Y105,SNEUR
905,"SandRidge Energy, Inc.",80007P,307,80007P307,
906,Saxon Industries Inc.,805567,10,80556710,
907,"Sbarro, Inc.",805844,933,805844933,
908,"School Specialty, Inc.",807863,105,807863105,
909,Sea Containers Ltd.,811371,707,811371707,
910,"Seahawk Drilling, Inc.",81201R,107,81201R107,
911,Sears Holdings Corporation,812350,106,812350106,SHLDEUR
912,"Seatrain Lines, Inc.",812557,205,812557205,
913,Security Bank Corporation,814047,106,814047106,
914,Seitel Inc.,816074,405,816074405,
915,"Sequential Brands Group, Inc.",81734P,206,81734P206,
916,Servam Corp.,817912,108,817912108,
917,"Service Merchandise Company, Inc.",817587,108,817587108,
918,"Seven Seas Petroleum, Inc.",G80550,109,G80550109,
919,Seventy Seven Energy Inc.,818097,107,818097107,SSE1EUR
920,"SFX Entertainment, Inc.",784178,303,784178303,
921,Sharper Image Corporation,820013,100,820013100,
922,"ShengdaTech, Inc.",823213,103,823213103,
923,"Silicon Graphics, Inc. (2006)",827056,300,827056300,
924,"Silicon Graphics, Inc. (2009)",827056,300,827056300,
925,Silver State Bancorp,828251,108,828251108,
926,Simmons Company,87299,Y95,87299Y95,
927,Singer Co. (Bicoastal Corporation),088774,948,088774948,
928,"Sirva, Inc.",82967Y,104,82967Y104,
929,"SLI, Inc.",78442T,108,78442T108,
930,"SLM International, Inc.",434149,100,434149100,
931,"Smartalk Teleservices, Inc.",83169A,100,83169A100,
932,Smith International Inc.,832110,100,832110100,
933,Smurfit-Stone Container Corporation,832727,101,832727101,
934,"Solutia, Inc.",834376,501,834376501,
935,"SONICblue, Inc.",83546Q,109,83546Q109,
936,"Source Interlink Companies, Inc.",836151,209,836151209,
937,"Southcross Energy Partners, L.P.",84130C,100,84130C100,
938,Southern Pacific Funding Corporation,843576,109,843576109,
939,Southland Corp.,817826,209,817826209,
940,Southmark Corp.,844544,809,844544809,
941,Spansion Inc.,84649R,200,84649R200,
942,Special Metals Corp.,84741Y,103,84741Y103,
943,"Specialty Equipment Companies, Inc.",847497,203,847497203,
944,SpectraVision Inc.,847607,108,847607108,
945,"SPI Holding, Inc.",847607,108,847607108,
946,Spiegel Inc.,848457,107,848457107,
947,Spreckels Industries Inc.,849416,201,849416201,
948,SquareTwo Financial Corporation,85224C,AA2,85224CAA2,SQRTW 11.625 04/01/17 144A
949,"Stage Stores, Inc. (2000)",85254C,305,85254C305,SSI3EUR
950,"Stage Stores, Inc. (2020)",85254C,305,85254C305,SSI3EUR
951,Standard Brands Paint Co.,853156,206,853156206,
952,Standard Register Company,853887,206,853887206,
953,Star Telecommunications Inc.,854923,109,854923109,
954,Startec Global Communications Corporation,85569E,103,85569E103,
955,"Station Casinos, Inc.",857689,103,857689103,
956,"Stein Mart, Inc.",858375,108,858375108,
957,"Stellex Industries, Inc. (Stellex Technologies, Inc.)",858565,104,858565104,
958,"Sterling Chemicals Holdings, Inc.",85916E,103,85916E103,
959,"Stockwalk Group, Inc.",86149C,104,86149C104,
960,"Stone & Webster, Inc.",861572,105,861572105,
961,Stone Energy Corporation,861642,304,861642304,
962,Storage Technology Corp.,862111,200,862111200,
963,Sudbury Inc.,864635,206,864635206,
964,"Sun HealthCare Group, Inc.",86677E,100,86677E100,
965,"Sun Television and Appliances, Inc.",866881,105,866881105,
966,Sunbeam Corporation,867071,102,867071102,
967,Sundance Energy Inc.,86725N,102,86725N102,
968,"SunEdison, Inc.",86732Y,109,86732Y109,SUNEQUSD
969,Sunterra Corp.,86787D,208,86787D208,
970,"Sun-Times Media Group, Inc.",86688Q,100,86688Q100,
971,"Superior Energy Services, Inc.",868157,306,868157306,
972,"Superior Telecom, Inc.",86815V,105,86815V105,
973,"SuperMedia, Inc. (2013)",868447,103,868447103,
974,Swift Energy Company,870738,101,870738101,
975,Syms Corp.,871551,107,871551107,
976,Syntax-Brillian Corporation,87163L,103,87163L103,
977,"System Software Associates, Inc.",871839,205,871839205,
978,Tacoma Boatbuilding Co. (1985),873452,304,873452304,
979,"Tailored Brands, Inc.",87403A,107,87403A107,
980,Tamalpais Bancorp,87485H,103,87485H103,
981,Tandon Corp. (TSL Holdings Inc.),872918,107,872918107,
982,Tarragon Corporation,876287,103,876287103,
983,TBS International plc,G8657Q,104,G8657Q104,
984,"Team Financial, Inc.",87815X,109,87815X109,
985,Technical Equities Corp.,878415,108,878415108,
986,Telesphere Communications Inc.,879908,101,879908101,
987,Teligent Inc,87959Y,103,87959Y103,
988,"Telscape International, Inc.",87971Q,104,87971Q104,
989,Temecula Valley Bancorp Inc.,87972L,104,87972L104,
990,TerreStar Corporation (2011),881451,108,881451108,
991,Texaco Inc.,881694,103,881694103,
992,Texas American Bancshares Inc.,882147,101,882147101,
993,"Texas Petrochemical Holdings, Inc.",882649,108,882649108,
994,TGX Corp.,872424,106,872424106,
995,Thermadyne Holdings Corp. (1993),883435,307,883435307,
996,Thermadyne Holdings Corp. (2001),883435,307,883435307,
997,"Thorn Apple Valley, Inc.",885184,101,885184101,
998,"Thornburg Mortgage, Inc.",885218,800,885218800,
999,THQ Inc.,872443,601,872443601,
1000,Tidewater Inc.,886423,102,886423102,
1001,TierOne Corporation,88650R,108,88650R108,
1002,Todd Shipyards Corp.,889039,103,889039103,
1003,Tokheim Corp. (2000),889073,201,889073201,
1004,Tokheim Corporation (2002),889073,201,889073201,
1005,Tops Holding II Corporation,89099A,003,89099A003,
1006,Touch America Holdings Inc.,891539,108,891539108,
1007,"TOUSA, Inc.",872962,105,872962105,
1008,"Tower Air, Inc.",891697,104,891697104,
1009,"Tower Automotive, Inc.",891707,101,891707101,
1010,Towle Mfg. Co. (1986),89299Y,009,89299Y009,
1011,"Town Sports International Holdings, Inc. (TSI, LLC only)",89214A,102,89214A102,
1012,Towner Petroleum Co.,892149,105,892149105,
1013,"Toys R Us, Inc.",892335,936,892335936,
1014,Tracor Inc.,892349,200,892349200,
1015,"Trans World Airlines, Inc. (1992)",893349,837,893349837,
1016,"Trans World Airlines, Inc. (1995)",893349,837,893349837,
1017,"Trans World Airlines, Inc. (2001)",893349,837,893349837,
1018,Transmeridian Exploration Incorporated,89376N,108,89376N108,
1019,Transportation Components Inc.,893878,108,893878108,
1020,"Trend-Lines, Inc.",894859,107,894859107,
1021,Trenwick Group Ltd,G9032C,109,G9032C109,
1022,Triad Guaranty Inc.,895925,105,895925105,TGIC
1023,Triangle Petroleum Corp. (Triangle USA Petroleum Corp. only),001281,922,001281922,
1024,Tribune Company,896047,107,896047107,
1025,"Trico Marine Services, Inc. (2004)",896106,200,896106200,
1026,"Trico Marine Services, Inc. (2010)",896106,200,896106200,
1027,"Trident Microsystems, Inc.",895919,108,895919108,
1028,"Trism, Inc.",896925,203,896925203,
1029,Tronox Incorporated,897051,306,897051306,
1030,"Trump Entertainment Resorts, Inc. (2009)",89816T,103,89816T103,
1031,"Trump Entertainment Resorts, Inc. (2014)",89816T,103,89816T103,
1032,Trump Hotels & Casino Resorts Inc. (2004),89816T,103,89816T103,
1033,Trump Plaza Funding Inc.,898171,103,898171103,
1034,Trump Taj Mahal Funding Inc.,898172,937,898172937,
1035,Trumps Castle Funding Inc.,898178,108,898178108,
1036,Tuesday Morning Corporation,899035,505,899035505,TUESUSD
1037,Tultex Corporation,899900,104,899900104,
1038,"Tweeter Home Entertainment Group, Inc.",901167,106,901167106,
1039,TXCO Resources Inc.,87311M,102,87311M102,
1040,"U.S. Aggregates, Inc.",90334D,109,90334D109,
1041,"U.S. Concrete, Inc.",90333L,201,90333L201,USCR
1042,U.S. Home Corp.,911920,106,911920106,
1043,U.S. Office Products Company,912325,305,912325305,
1044,"U.S.A. Floral Products, Inc.",90331T,107,90331T107,
1045,UAL Corporation,902549,500,902549500,
1046,"UCBH Holdings, Inc.",90262T,308,90262T308,
1047,"UDC Homes, Inc.",902646,108,902646108,
1048,"Ultimate Electronics, Inc.",903849,107,903849107,
1049,Ultra Petroleum Corp. (2016),903914,109,903914109,UPLEUR
1050,Ultra Petroleum Corp. (2020),903914,208,903914208,UPL1EUR
1051,Unicapital Corporation,90459D,108,90459D108,
1052,Union Acceptance Corporation,96445P,105,96445P105,
1053,Unit Corporation,909218,109,909218109,UNTEUR
1054,United Artists Theatre Company,909408,932,909408932,
1055,United Companies Financial Corporation,909870,107,909870107,
1056,United Merchants & Manufacturers Inc.,910858,109,910858109,
1057,"United Western Bancorp, Inc.",913201,109,913201109,
1058,UNR Industries Inc.,35241Q,107,35241Q107,
1059,"UPC Polska, Inc.",045920,10,04592010,
1060,"US Airways Group, Inc. (2002)",911905,107,911905107,
1061,"US Airways Group, Inc. (2004)",911905,503,911905503,
1062,USEC Inc.,90333E,207,90333E207,
1063,USG Corp. (1993),903293,405,903293405,
1064,USG Corp. (2001),903293,405,903293405,
1065,"USInterNetworking, Inc.",917311,805,917311805,
1066,Valaris plc,G9402V,109,G9402V109,
1067,Valley Media Inc.,91972C,106,91972C106,
1068,Value Merchants Inc.,919902,106,919902106,
1069,"Vanguard Natural Resources, LLC",92205F,106,92205F106,
1070,Velocita Corp.,69333S,110,69333S110,
1071,"Vencor, Inc.",494580,103,494580103,
1072,"Venoco, Inc. (Denver Parent Corp.)",92275P,307,92275P307,
1073,Venture Holdings Co LLC,92399S,914,92399S914,
1074,"Venture Stores, Inc",923275,101,923275101,
1075,"Verado Holdings, Inc.",92335X,100,92335X100,
1076,VeraSun Energy Corporation,92336G,106,92336G106,
1077,Verso Corporation,92531L,108,92531L108,
1078,"Vertis, Inc. (2008)",925335,937,925335937,
1079,"Vertis, Inc. (2010)",925335,937,925335937,
1080,Vesta Insurance Group Inc.,925391,104,925391104,
1081,Vestron Inc.,925492,100,925492100,
1082,ViaSystems Group Inc.,92553H,803,92553H803,
1083,Viatel Inc.,925529,208,925529208,
1084,"ViCorp Restaurants, Inc.",925817,934,925817934,
1085,Vineyard National Bancorp,927426,106,927426106,
1086,"Vista Eyecare, Inc.",63845P,101,63845P101,
1087,Visteon Corporation,92839U,206,92839U206,VC
1088,"Vlasic Foods International, Inc.",928559,103,928559103,
1089,W.R. Grace & Company,38388F,108,38388F108,GRA1EUR
1090,"Walter Energy, Inc.",93317Q,105,93317Q105,
1091,Walter Investment Management Corp.,93317W,102,93317W102,
1092,Wang Laboratories Inc.,93369N,109,93369N109,
1093,Warnaco Group Inc.,934390,402,934390402,
1094,"Washington Group International, Inc.",938862,208,938862208,
1095,"Washington Mutual, Inc.",939322,103,939322103,
1096,"Washington Prime Group Inc. (Washington Prime Group, L.P.)",93964W,405,93964W405,WPG2EUR
1097,"Waste Systems International, Inc.",94106P,209,94106P209,
1098,"WCI Communities, Inc.",92923C,104,92923C104,
1099,WCI Steel Inc.,92923J,109,92923J109,
1100,Weatherford International plc,G48833,100,G48833100,
1101,"WebLink Wireless, Inc.",94769A,101,94769A101,
1102,"WebVan Group, Inc.",94845V,103,94845V103,
1103,WedTech Corp.,948462,106,948462106,
1104,Weirton Steel Corp.,948774,104,948774104,
1105,"Wellman, Inc.",949702,104,949702104,
1106,"West Point-Pepperell, Inc. (West Point Acquisition Corp. only)",955465,109,955465109,
1107,Westbridge Capital Corp.,91731P,109,91731P109,
1108,Western Co. of North America,958043,408,958043408,
1109,Western Preferred Corp.,959245,40,95924540,
1110,Westmoreland Coal Co. (1994),960878,106,960878106,WLB1EUR
1111,Westmoreland Coal Company (2018),960878,106,960878106,WLB1EUR
1112,WestPoint Stevens Inc. (2003),961238,102,961238102,
1113,Wheeling-Pittsburgh Steel Corp. (1985),410315,105,410315105,
1114,"Wherehouse Entertainment, Inc. (1995)",963281,100,963281100,
1115,"Wherehouse Entertainment, Inc. (2003)",963281,100,963281100,
1116,White Motor Corp.,29409K,606,29409K606,
1117,Whiting Petroleum Corporation,966387,409,966387409,WLLEUR
1118,WHX Corporation,410315,105,410315105,
1119,"Wickes Companies, Inc.",194831,004,194831004,
1120,"Wilshire Financial Services Group, Inc.",087866,109,087866109,BHBCQ
1121,Wilson Foods Corp. (1983),972218,101,972218101,
1122,"Windstream Holdings, Inc. (Windstream Services, LLC)",97382A,309,97382A309,WINEUR
1123,"Winn-Dixie Stores, Inc.",974280,307,974280307,
1124,"Winstar Communications, Inc.",975515,107,975515107,
1125,"Wireless One, Inc.",97652H,109,97652H109,
1126,"WKI Holding Company, Inc.",92999Z,938,92999Z938,
1127,"World Access, Inc.",98141A,101,98141A101,WAXS
1128,"Worlds of Wonder, Inc.",981902,109,981902109,
1129,"WorldSpace, Inc.",981579,105,981579105,
1130,"Worldtex, Inc.",981907,108,981907108,
1131,WTD Industries Inc.,894688,100,894688100,
1132,"Xerium Technologies, Inc.",98416J,118,98416J118,
1133,"XO Communications, Inc.",98417K,106,98417K106,
1134,"Xpedior, Inc.",98413B,100,98413B100,
1135,York Research Corporation (2002),987048,105,987048105,
1136,"Young Broadcasting, Inc.",987434,107,987434107,
1137,Zale Corp.,988858,106,988858106,
1138,Zenith Electronics Corp.,989349,105,989349105,
1139,Ziff Davis Holdings Inc.,98951V,10,98951V10,
